{
    "South Korea": [
        25.200000000000003,
        29.5,
        37.650000000000006,
        41.95,
        46.95,
        49.150000000000006,
        50.8,
        52.1,
        52.75,
        53.650000000000006,
        54.4,
        54.95,
        55.55,
        56.0,
        57.25,
        58.3,
        59.6,
        61.349999999999994,
        61.65,
        62.15,
        62.400000000000006,
        63.0,
        63.449999999999996,
        63.95,
        64.45,
        64.8,
        65.15,
        64.7,
        65.3,
        66.5,
        65.6,
        68.05,
        67.75,
        67.25,
        68.7,
        68.9,
        69.4,
        69.55,
        70.35,
        70.95,
        71.95,
        72.45,
        72.95,
        73.3,
        73.6,
        73.95,
        74.25,
        74.9,
        75.4,
        75.9,
        76.35,
        77.15,
        77.44999999999999,
        77.44999999999999,
        77.9,
        78.4,
        78.95,
        79.35,
        79.9,
        80.45,
        80.65,
        81.05,
        81.2,
        81.7,
        82.2,
        82.4,
        82.75,
        83.1,
        83.2
    ],
    "Latvia": [
        68.15,
        68.4,
        68.4,
        68.5,
        68.7,
        68.85,
        68.9,
        69.2,
        69.2,
        69.5,
        70.25,
        70.25,
        69.35,
        70.05000000000001,
        71.15,
        70.55,
        70.5,
        70.25,
        70.05,
        69.65,
        69.7,
        70.05,
        69.80000000000001,
        69.55,
        69.7,
        68.95,
        69.0,
        69.0,
        68.9,
        68.6,
        68.7,
        68.8,
        69.5,
        69.05000000000001,
        68.9,
        68.85,
        70.15,
        69.94999999999999,
        70.05000000000001,
        70.05000000000001,
        69.1,
        69.1,
        68.75,
        67.35,
        66.5,
        67.15,
        68.9,
        69.25,
        69.1,
        69.85,
        70.19999999999999,
        70.0,
        70.3,
        70.55000000000001,
        70.85,
        70.75,
        70.85,
        71.0,
        71.95,
        72.6,
        72.85,
        73.55,
        73.55000000000001,
        74.0,
        74.30000000000001,
        74.55000000000001,
        74.6,
        74.65,
        74.85
    ]
}