{
    "[\"Asia\", 1950]": 43.303571428571416,
    "[\"Asia\", 1951]": 43.925000000000004,
    "[\"Asia\", 1952]": 45.042857142857144,
    "[\"Asia\", 1953]": 45.79404761904761,
    "[\"Asia\", 1954]": 46.802380952380965,
    "[\"Asia\", 1955]": 47.52976190476191,
    "[\"Asia\", 1956]": 48.17738095238096,
    "[\"Asia\", 1957]": 48.76904761904763,
    "[\"Asia\", 1958]": 49.41547619047618,
    "[\"Asia\", 1959]": 49.87619047619048,
    "[\"Asia\", 1960]": 50.392857142857146,
    "[\"Asia\", 1961]": 51.213095238095235,
    "[\"Asia\", 1962]": 52.00952380952381,
    "[\"Asia\", 1963]": 52.56666666666667,
    "[\"Asia\", 1964]": 53.25595238095238,
    "[\"Asia\", 1965]": 53.61428571428572,
    "[\"Asia\", 1966]": 54.34166666666664,
    "[\"Asia\", 1967]": 54.96547619047618,
    "[\"Asia\", 1968]": 55.48095238095237,
    "[\"Asia\", 1969]": 56.13571428571428,
    "[\"Asia\", 1970]": 56.39047619047618,
    "[\"Asia\", 1971]": 56.53452380952382,
    "[\"Asia\", 1972]": 57.55714285714286,
    "[\"Asia\", 1973]": 57.722619047619055,
    "[\"Asia\", 1974]": 58.59880952380953,
    "[\"Asia\", 1975]": 58.438095238095244,
    "[\"Asia\", 1976]": 58.392857142857146,
    "[\"Asia\", 1977]": 59.780952380952385,
    "[\"Asia\", 1978]": 60.38571428571428,
    "[\"Asia\", 1979]": 61.05952380952383,
    "[\"Asia\", 1980]": 61.52738095238093,
    "[\"Asia\", 1981]": 61.89166666666667,
    "[\"Asia\", 1982]": 61.845238095238095,
    "[\"Asia\", 1983]": 62.785714285714306,
    "[\"Asia\", 1984]": 63.23214285714285,
    "[\"Asia\", 1985]": 63.647619047619045,
    "[\"Asia\", 1986]": 64.12261904761905,
    "[\"Asia\", 1987]": 64.62142857142858,
    "[\"Asia\", 1988]": 64.97976190476192,
    "[\"Asia\", 1989]": 65.43571428571428,
    "[\"Asia\", 1990]": 65.75714285714287,
    "[\"Asia\", 1991]": 66.2797619047619,
    "[\"Asia\", 1992]": 66.64999999999999,
    "[\"Asia\", 1993]": 67.00238095238095,
    "[\"Asia\", 1994]": 67.28571428571429,
    "[\"Asia\", 1995]": 67.34999999999998,
    "[\"Asia\", 1996]": 67.64761904761903,
    "[\"Asia\", 1997]": 67.99880952380954,
    "[\"Asia\", 1998]": 68.34642857142858,
    "[\"Asia\", 1999]": 68.7845238095238,
    "[\"Asia\", 2000]": 69.05000000000003,
    "[\"Asia\", 2001]": 69.49999999999997,
    "[\"Asia\", 2002]": 69.86428571428571,
    "[\"Asia\", 2003]": 70.38690476190476,
    "[\"Asia\", 2004]": 70.52380952380952,
    "[\"Asia\", 2005]": 70.97738095238095,
    "[\"Asia\", 2006]": 71.28214285714286,
    "[\"Asia\", 2007]": 71.56785714285715,
    "[\"Asia\", 2008]": 71.71071428571429,
    "[\"Asia\", 2009]": 72.15714285714283,
    "[\"Asia\", 2010]": 72.57380952380953,
    "[\"Asia\", 2011]": 72.86309523809526,
    "[\"Asia\", 2012]": 73.01666666666664,
    "[\"Asia\", 2013]": 73.24880952380951,
    "[\"Asia\", 2014]": 73.44285714285714,
    "[\"Asia\", 2015]": 73.68333333333334,
    "[\"Asia\", 2016]": 73.95000000000002,
    "[\"Asia\", 2017]": 74.2357142857143,
    "[\"Asia\", 2018]": 74.45595238095238,
    "[\"Europe\", 1950]": 61.8857142857143,
    "[\"Europe\", 1951]": 61.993877551020404,
    "[\"Europe\", 1952]": 62.86734693877552,
    "[\"Europe\", 1953]": 63.33979591836736,
    "[\"Europe\", 1954]": 63.960204081632654,
    "[\"Europe\", 1955]": 64.4265306122449,
    "[\"Europe\", 1956]": 64.75408163265307,
    "[\"Europe\", 1957]": 65.01530612244898,
    "[\"Europe\", 1958]": 66.02244897959184,
    "[\"Europe\", 1959]": 66.19183673469387,
    "[\"Europe\", 1960]": 66.83673469387755,
    "[\"Europe\", 1961]": 67.17857142857142,
    "[\"Europe\", 1962]": 67.07857142857144,
    "[\"Europe\", 1963]": 67.39183673469387,
    "[\"Europe\", 1964]": 67.95510204081633,
    "[\"Europe\", 1965]": 68.16020408163267,
    "[\"Europe\", 1966]": 68.47346938775507,
    "[\"Europe\", 1967]": 68.64387755102042,
    "[\"Europe\", 1968]": 68.68469387755103,
    "[\"Europe\", 1969]": 68.64285714285712,
    "[\"Europe\", 1970]": 68.96938775510205,
    "[\"Europe\", 1971]": 69.08265306122448,
    "[\"Europe\", 1972]": 69.61428571428571,
    "[\"Europe\", 1973]": 69.70408163265307,
    "[\"Europe\", 1974]": 69.84591836734694,
    "[\"Europe\", 1975]": 70.10102040816328,
    "[\"Europe\", 1976]": 70.29591836734694,
    "[\"Europe\", 1977]": 70.65714285714287,
    "[\"Europe\", 1978]": 70.74693877551019,
    "[\"Europe\", 1979]": 70.90816326530611,
    "[\"Europe\", 1980]": 70.91020408163267,
    "[\"Europe\", 1981]": 71.17142857142858,
    "[\"Europe\", 1982]": 71.4704081632653,
    "[\"Europe\", 1983]": 71.53163265306124,
    "[\"Europe\", 1984]": 71.72551020408163,
    "[\"Europe\", 1985]": 71.83877551020409,
    "[\"Europe\", 1986]": 72.3408163265306,
    "[\"Europe\", 1987]": 72.46326530612247,
    "[\"Europe\", 1988]": 72.44591836734693,
    "[\"Europe\", 1989]": 72.88673469387756,
    "[\"Europe\", 1990]": 72.9734693877551,
    "[\"Europe\", 1991]": 72.97857142857144,
    "[\"Europe\", 1992]": 72.74183673469389,
    "[\"Europe\", 1993]": 72.71734693877549,
    "[\"Europe\", 1994]": 73.26530612244896,
    "[\"Europe\", 1995]": 73.37040816326532,
    "[\"Europe\", 1996]": 73.70306122448977,
    "[\"Europe\", 1997]": 73.96326530612245,
    "[\"Europe\", 1998]": 74.15612244897959,
    "[\"Europe\", 1999]": 74.31224489795918,
    "[\"Europe\", 2000]": 74.66836734693875,
    "[\"Europe\", 2001]": 75.06020408163266,
    "[\"Europe\", 2002]": 75.1795918367347,
    "[\"Europe\", 2003]": 75.40714285714286,
    "[\"Europe\", 2004]": 75.78367346938775,
    "[\"Europe\", 2005]": 75.94285714285716,
    "[\"Europe\", 2006]": 76.29285714285713,
    "[\"Europe\", 2007]": 76.51734693877549,
    "[\"Europe\", 2008]": 76.87040816326532,
    "[\"Europe\", 2009]": 77.14795918367346,
    "[\"Europe\", 2010]": 77.4204081632653,
    "[\"Europe\", 2011]": 77.71224489795918,
    "[\"Europe\", 2012]": 77.84999999999998,
    "[\"Europe\", 2013]": 78.12551020408162,
    "[\"Europe\", 2014]": 78.39999999999998,
    "[\"Europe\", 2015]": 78.47040816326532,
    "[\"Europe\", 2016]": 78.73673469387755,
    "[\"Europe\", 2017]": 78.91020408163268,
    "[\"Europe\", 2018]": 79.04489795918369,
    "[\"Africa\", 1950]": 38.896,
    "[\"Africa\", 1951]": 39.029,
    "[\"Africa\", 1952]": 39.409000000000006,
    "[\"Africa\", 1953]": 39.77699999999999,
    "[\"Africa\", 1954]": 40.14500000000001,
    "[\"Africa\", 1955]": 40.553000000000004,
    "[\"Africa\", 1956]": 40.87800000000001,
    "[\"Africa\", 1957]": 41.117999999999995,
    "[\"Africa\", 1958]": 41.404999999999994,
    "[\"Africa\", 1959]": 41.98,
    "[\"Africa\", 1960]": 42.31100000000001,
    "[\"Africa\", 1961]": 42.73,
    "[\"Africa\", 1962]": 43.24499999999999,
    "[\"Africa\", 1963]": 43.514,
    "[\"Africa\", 1964]": 44.07500000000002,
    "[\"Africa\", 1965]": 44.303000000000004,
    "[\"Africa\", 1966]": 44.532,
    "[\"Africa\", 1967]": 44.93999999999999,
    "[\"Africa\", 1968]": 45.322999999999986,
    "[\"Africa\", 1969]": 45.382,
    "[\"Africa\", 1970]": 45.83399999999999,
    "[\"Africa\", 1971]": 46.40700000000001,
    "[\"Africa\", 1972]": 46.64499999999999,
    "[\"Africa\", 1973]": 47.42600000000002,
    "[\"Africa\", 1974]": 47.838999999999984,
    "[\"Africa\", 1975]": 48.16700000000001,
    "[\"Africa\", 1976]": 48.551000000000016,
    "[\"Africa\", 1977]": 49.30399999999999,
    "[\"Africa\", 1978]": 49.75799999999998,
    "[\"Africa\", 1979]": 50.30600000000001,
    "[\"Africa\", 1980]": 50.883,
    "[\"Africa\", 1981]": 51.327000000000005,
    "[\"Africa\", 1982]": 51.783,
    "[\"Africa\", 1983]": 51.741000000000014,
    "[\"Africa\", 1984]": 51.98699999999999,
    "[\"Africa\", 1985]": 52.34199999999999,
    "[\"Africa\", 1986]": 52.73,
    "[\"Africa\", 1987]": 52.738000000000014,
    "[\"Africa\", 1988]": 52.542,
    "[\"Africa\", 1989]": 53.345,
    "[\"Africa\", 1990]": 53.34799999999999,
